MSA,Year,Uninsured Population,Total Population,Ratio of Uninsured,Percentage of Uninsured
"Atlanta-Sandy Springs-Marietta, GA ",2010,1041340,5244660,0.198552432,19.85524324
"Augusta-Richmond County, GA-SC ",2010,89738,541705,0.16565843,16.56584303
"Austin-Round Rock-San Marcos, TX ",2010,330058,1710245,0.192988724,19.29887238
"Baltimore-Towson, MD ",2010,268069,2665963,0.100552408,10.05524083
"Birmingham-Hoover, AL ",2010,151717,1117020,0.135822993,13.58229933
"Boston-Cambridge-Quincy, MA-NH ",2010,224398,4508800,0.049768896,4.976889638
"Buffalo-Niagara Falls, NY ",2010,85735,1120190,0.076536123,7.653612334
"Charlotte-Gastonia-Rock Hill, NC-SC ",2010,296272,1751560,0.169147503,16.91475028
"Chicago-Joliet-Naperville, IL-IN-WI ",2010,1406405,9394341,0.14970768,14.97076804
"Cincinnati-Middletown, OH-KY-IN ",2010,245056,2104138,0.116463844,11.64638441
"Cleveland-Elyria-Mentor, OH ",2010,236086,2047254,0.115318373,11.53183728
"Columbus, OH ",2010,218681,1817111,0.120345427,12.03454274
"Dallas-Fort Worth-Arlington, TX ",2010,1431927,6339312,0.225880506,22.58805056
"Denver-Aurora-Broomfield, CO ",2010,400031,2536850,0.157688078,15.76880777
"Detroit-Warren-Livonia, MI ",2010,559035,4263706,0.13111481,13.11148095
"Fresno, CA ",2010,185812,922483,0.201425934,20.14259341
"Houston-Sugar Land-Baytown, TX ",2010,1500355,5924557,0.253243407,25.32434071
"Indianapolis-Carmel, IN ",2010,260247,1735161,0.149984353,14.9984353
"Jacksonville, FL ",2010,211021,1323923,0.15939069,15.93906896
"Kansas City, MO-KS ",2010,268337,2013218,0.133287602,13.32876022
"Las Vegas-Paradise, NV ",2010,446473,1929484,0.231395026,23.13950258
"Los Angeles-Long Beach-Santa Ana, CA ",2010,2829788,12755004,0.221857084,22.18570845
"Louisville/Jefferson County, KY-IN ",2010,163595,1267434,0.129075755,12.90757546
"Memphis, TN-MS-AR ",2010,207802,1298982,0.159972963,15.99729634
"Miami-Fort Lauderdale-Pompano Beach, FL ",2010,1475487,5517868,0.267401649,26.74016486
"Milwaukee-Waukesha-West Allis, WI ",2010,156395,1545012,0.101225751,10.1225751
"Minneapolis-St. Paul-Bloomington, MN-WI ",2010,297382,3256442,0.091321141,9.132114129
"Nashville-Davidson--Murfreesboro--Franklin, TN ",2010,227085,1572199,0.144437822,14.44378224
"New York-Northern New Jersey-Long Island, NY-NJ-PA ",2010,2548241,18750885,0.135899772,13.58997722
"Oklahoma City, OK ",2010,216725,1237705,0.175102306,17.51023063
"Philadelphia-Camden-Wilmington, PA-NJ-DE-MD ",2010,596326,5886309,0.101307288,10.13072878
"Phoenix-Mesa-Glendale, AZ ",2010,709156,4150399,0.170864536,17.08645362
"Pittsburgh, PA ",2010,192101,2325874,0.082593038,8.259303814
"Portland-Vancouver-Hillsboro, OR-WA ",2010,340646,2214964,0.153793019,15.37930188
"Providence-New Bedford-Fall River, RI-MA ",2010,150639,1578428,0.095436092,9.543609211
"Raleigh-Cary, NC ",2010,167007,1128058,0.148048239,14.80482387
"Richmond, VA ",2010,164202,1232732,0.133201702,13.32017016
"Riverside-San Bernardino-Ontario, CA ",2010,893093,4188254,0.213237545,21.32375448
"Sacramento--Arden-Arcade--Roseville, CA ",2010,269228,2127810,0.126528214,12.65282145
"St. Louis, MO-IL ",2010,304550,2776667,0.10968186,10.96818596
"Salt Lake City, UT ",2010,186646,1117922,0.166957981,16.6957981
"San Antonio-New Braunfels, TX ",2010,419833,2107903,0.19917093,19.91709296
"San Diego-Carlsbad-San Marcos, CA ",2010,527303,3002860,0.175600261,17.56002611
"San Francisco-Oakland-Fremont, CA ",2010,531201,4309379,0.123266253,12.32662525
"San Jose-Sunnyvale-Santa Clara, CA ",2010,225118,1835444,0.122650432,12.26504323
"Seattle-Tacoma-Bellevue, WA ",2010,446072,3397885,0.131279311,13.12793105
"Tampa-St. Petersburg-Clearwater, FL ",2010,514014,2760376,0.186211589,18.62115886
"Virginia Beach-Norfolk-Newport News, VA-NC ",2010,189764,1595630,0.11892732,11.89273202
"Washington-Arlington-Alexandria, DC-VA-MD-WV ",2010,679873,5520359,0.123157389,12.31573889
"Atlanta-Sandy Springs-Marietta, GA ",2011,1045167,5318639,0.196510235,19.6510235
"Augusta-Richmond County, GA-SC ",2011,80993,544132,0.148848074,14.88480736
"Austin-Round Rock-San Marcos, TX ",2011,332187,1765887,0.188113396,18.81133957
"Baltimore-Towson, MD ",2011,242158,2686186,0.090149379,9.014937908
"Birmingham-Hoover, AL ",2011,146061,1118192,0.130622469,13.06224691
"Boston-Cambridge-Quincy, MA-NH ",2011,214444,4540931,0.047224677,4.722467705
"Buffalo-Niagara Falls, NY ",2011,84190,1120457,0.075138983,7.513898347
"Charlotte-Gastonia-Rock Hill, NC-SC ",2011,296592,1782182,0.166420713,16.64207135
"Chicago-Joliet-Naperville, IL-IN-WI ",2011,1349979,9419708,0.143314315,14.33143151
"Cincinnati-Middletown, OH-KY-IN ",2011,236840,2114493,0.112007938,11.20079376
"Cleveland-Elyria-Mentor, OH ",2011,230886,2041395,0.11310207,11.31020699
"Columbus, OH ",2011,215259,1832607,0.117460536,11.74605357
"Dallas-Fort Worth-Arlington, TX ",2011,1440932,6474674,0.222548965,22.25489654
"Denver-Aurora-Broomfield, CO ",2011,395476,2577429,0.153438174,15.34381742
"Detroit-Warren-Livonia, MI ",2011,536668,4256941,0.126068931,12.60689307
"Fresno, CA ",2011,192553,931345,0.206747231,20.67472312
"Houston-Sugar Land-Baytown, TX ",2011,1452128,6037260,0.240527657,24.05276566
"Indianapolis-Carmel, IN ",2011,229466,1754322,0.130800389,13.0800389
"Jacksonville, FL ",2011,212298,1333949,0.159150012,15.91500125
"Kansas City, MO-KS ",2011,273408,2024129,0.135074395,13.5074395
"Las Vegas-Paradise, NV ",2011,433706,1945817,0.222891464,22.28914641
"Los Angeles-Long Beach-Santa Ana, CA ",2011,2730041,12857618,0.212328675,21.23286755
"Louisville/Jefferson County, KY-IN ",2011,167085,1278051,0.13073422,13.07342195
"Memphis, TN-MS-AR ",2011,211256,1308062,0.161503048,16.1503048
"Miami-Fort Lauderdale-Pompano Beach, FL ",2011,1443175,5620043,0.25679074,25.67907399
"Milwaukee-Waukesha-West Allis, WI ",2011,149818,1548112,0.096774652,9.677465196
"Minneapolis-St. Paul-Bloomington, MN-WI ",2011,292202,3290949,0.088789586,8.878958623
"Nashville-Davidson--Murfreesboro--Franklin, TN ",2011,229705,1602115,0.1433761,14.33760997
"New York-Northern New Jersey-Long Island, NY-NJ-PA ",2011,2497195,18847225,0.132496694,13.24966938
"Oklahoma City, OK ",2011,226154,1258832,0.179653838,17.96538378
"Philadelphia-Camden-Wilmington, PA-NJ-DE-MD ",2011,594873,5914484,0.100579019,10.05790192
"Phoenix-Mesa-Glendale, AZ ",2011,741273,4209141,0.17611028,17.611028
"Pittsburgh, PA ",2011,195014,2331858,0.083630307,8.363030682
"Portland-Vancouver-Hillsboro, OR-WA ",2011,324241,2247223,0.144285191,14.42851911
"Providence-New Bedford-Fall River, RI-MA ",2011,136254,1576319,0.086438088,8.643808772
"Raleigh-Cary, NC ",2011,165707,1152684,0.143757526,14.37575259
"Richmond, VA ",2011,152026,1244627,0.122145832,12.21458316
"Riverside-San Bernardino-Ontario, CA ",2011,866177,4242133,0.20418431,20.41843101
"Sacramento--Arden-Arcade--Roseville, CA ",2011,281853,2153236,0.130897403,13.08974028
"St. Louis, MO-IL ",2011,309076,2779468,0.111199697,11.11996972
"Salt Lake City, UT ",2011,180952,1136404,0.159232104,15.92321041
"San Antonio-New Braunfels, TX ",2011,427832,2149071,0.199077648,19.9077648
"San Diego-Carlsbad-San Marcos, CA ",2011,528808,3040979,0.173893999,17.38939993
"San Francisco-Oakland-Fremont, CA ",2011,518210,4357723,0.118917609,11.8917609
"San Jose-Sunnyvale-Santa Clara, CA ",2011,216983,1855577,0.116935595,11.69355947
"Seattle-Tacoma-Bellevue, WA ",2011,446064,3451113,0.129252215,12.92522152
"Tampa-St. Petersburg-Clearwater, FL ",2011,506747,2793949,0.181373032,18.13730315
"Virginia Beach-Norfolk-Newport News, VA-NC ",2011,194199,1594527,0.121790976,12.17909763
"Washington-Arlington-Alexandria, DC-VA-MD-WV ",2011,651948,5631112,0.115776067,11.5776067
"Atlanta-Sandy Springs-Marietta, GA ",2012,992026,5395018,0.183878163,18.38781631
"Augusta-Richmond County, GA-SC ",2012,89437,550508,0.162462671,16.24626708
"Austin-Round Rock-San Marcos, TX ",2012,326356,1817120,0.179600687,17.96006868
"Baltimore-Towson, MD ",2012,235171,2705863,0.086911643,8.691164335
"Birmingham-Hoover, AL ",2012,136880,1122390,0.121954044,12.19540445
"Boston-Cambridge-Quincy, MA-NH ",2012,195294,4589436,0.042552941,4.255294115
"Buffalo-Niagara Falls, NY ",2012,70027,1120067,0.062520367,6.252036709
"Charlotte-Gastonia-Rock Hill, NC-SC ",2012,294122,1817050,0.161867863,16.18678627
"Chicago-Joliet-Naperville, IL-IN-WI ",2012,1315924,9441923,0.139370338,13.9370338
"Cincinnati-Middletown, OH-KY-IN ",2012,224128,2124889,0.10547751,10.54775096
"Cleveland-Elyria-Mentor, OH ",2012,216027,2035897,0.106109003,10.61090026
"Columbus, OH ",2012,218682,1854171,0.117940578,11.79405783
"Dallas-Fort Worth-Arlington, TX ",2012,1465748,6593718,0.222294614,22.22946144
"Denver-Aurora-Broomfield, CO ",2012,388577,2621406,0.148232285,14.82322845
"Detroit-Warren-Livonia, MI ",2012,515882,4264105,0.12098248,12.09824805
"Fresno, CA ",2012,193924,936354,0.207105432,20.71054323
"Houston-Sugar Land-Baytown, TX ",2012,1439229,6156197,0.233785404,23.37854036
"Indianapolis-Carmel, IN ",2012,240329,1776871,0.135254051,13.52540505
"Jacksonville, FL ",2012,214889,1353764,0.158734462,15.87344618
"Kansas City, MO-KS ",2012,258310,2038190,0.126734995,12.67349953
"Las Vegas-Paradise, NV ",2012,452228,1977785,0.228653772,22.86537718
"Los Angeles-Long Beach-Santa Ana, CA ",2012,2708819,12964593,0.208939764,20.89397639
"Louisville/Jefferson County, KY-IN ",2012,162207,1283453,0.12638328,12.63832801
"Memphis, TN-MS-AR ",2012,199113,1316872,0.151201484,15.12014835
"Miami-Fort Lauderdale-Pompano Beach, FL ",2012,1417890,5712768,0.248196671,24.8196671
"Milwaukee-Waukesha-West Allis, WI ",2012,143659,1554107,0.092438294,9.243829415
"Minneapolis-St. Paul-Bloomington, MN-WI ",2012,260214,3325395,0.078250554,7.825055369
"Nashville-Davidson--Murfreesboro--Franklin, TN ",2012,213210,1627138,0.131033754,13.10337537
"New York-Northern New Jersey-Long Island, NY-NJ-PA ",2012,2432357,18993397,0.128063295,12.80632948
"Oklahoma City, OK ",2012,217705,1276056,0.170607716,17.06077163
"Philadelphia-Camden-Wilmington, PA-NJ-DE-MD ",2012,583253,5940853,0.098176642,9.817664231
"Phoenix-Mesa-Glendale, AZ ",2012,745106,4285055,0.173884816,17.38848159
"Pittsburgh, PA ",2012,184686,2333354,0.079150442,7.915044181
"Portland-Vancouver-Hillsboro, OR-WA ",2012,307921,2274496,0.135379882,13.5379882
"Providence-New Bedford-Fall River, RI-MA ",2012,138344,1578940,0.087618276,8.761827555
"Raleigh-Cary, NC ",2012,168913,1176521,0.143569898,14.3569898
"Richmond, VA ",2012,161119,1252263,0.12866227,12.86622698
"Riverside-San Bernardino-Ontario, CA ",2012,877969,4286924,0.204801625,20.48016247
"Sacramento--Arden-Arcade--Roseville, CA ",2012,313992,2176291,0.1442785,14.42784995
"St. Louis, MO-IL ",2012,310086,2784713,0.111352947,11.13529473
"Salt Lake City, UT ",2012,182812,1153583,0.158473209,15.84732091
"San Antonio-New Braunfels, TX ",2012,416194,2197341,0.189408016,18.94080163
"San Diego-Carlsbad-San Marcos, CA ",2012,521386,3073012,0.169666113,16.96661126
"San Francisco-Oakland-Fremont, CA ",2012,513380,4423295,0.116062799,11.60627993
"San Jose-Sunnyvale-Santa Clara, CA ",2012,224883,1885875,0.119245973,11.92459734
"Seattle-Tacoma-Bellevue, WA ",2012,456910,3507846,0.130253723,13.02537227
"Tampa-St. Petersburg-Clearwater, FL ",2012,496787,2814061,0.176537396,17.65373956
"Virginia Beach-Norfolk-Newport News, VA-NC ",2012,185351,1605304,0.11546162,11.54616197
"Washington-Arlington-Alexandria, DC-VA-MD-WV ",2012,663397,5731892,0.115737875,11.5737875
"Atlanta-Sandy Springs-Roswell, GA ",2013,1026237,5479916,0.187272396,18.72723961
"Augusta-Richmond County, GA-SC ",2013,81246,564452,0.143937837,14.39378371
"Austin-Round Rock, TX ",2013,324191,1867279,0.173616797,17.36167975
"Baltimore-Columbia-Towson, MD ",2013,235897,2723967,0.086600535,8.660053518
"Birmingham-Hoover, AL ",2013,133780,1125879,0.118822715,11.88227154
"Boston-Cambridge-Newton, MA-NH ",2013,195978,4632775,0.042302508,4.230250768
"Buffalo-Cheektowaga-Niagara Falls, NY ",2013,72291,1120232,0.064532168,6.453216834
"Charlotte-Concord-Gastonia, NC-SC ",2013,367873,2317961,0.158705431,15.87054312
"Chicago-Naperville-Elgin, IL-IN-WI ",2013,1322582,9451096,0.139939537,13.99395372
"Cincinnati, OH-KY-IN ",2013,222872,2109109,0.105671163,10.56711626
"Cleveland-Elyria, OH ",2013,208820,2040274,0.102348998,10.23489982
"Columbus, OH ",2013,225013,1940298,0.115968269,11.59682688
"Dallas-Fort Worth-Arlington, TX ",2013,1451114,6756064,0.214786894,21.47868937
"Denver-Aurora-Lakewood, CO ",2013,377342,2673551,0.141138882,14.11388823
"Detroit-Warren-Dearborn, MI ",2013,483065,4267736,0.113189991,11.31899911
"Fresno, CA ",2013,172565,943800,0.182840644,18.28406442
"Houston-The Woodlands-Sugar Land, TX ",2013,1429541,6262526,0.228269072,22.82690723
"Indianapolis-Carmel-Anderson, IN ",2013,262850,1926158,0.136463364,13.64633639
"Jacksonville, FL ",2013,213388,1369805,0.155779837,15.57798373
"Kansas City, MO-KS ",2013,266949,2027192,0.131684123,13.16841227
"Las Vegas-Henderson-Paradise, NV ",2013,432618,2006374,0.215621813,21.56218133
"Los Angeles-Long Beach-Anaheim, CA ",2013,2637795,13042856,0.202240598,20.22405982
"Louisville/Jefferson County, KY-IN ",2013,154672,1245711,0.12416363,12.41636302
"Memphis, TN-MS-AR ",2013,208709,1326796,0.157303007,15.73030066
"Miami-Fort Lauderdale-West Palm Beach, FL ",2013,1433263,5776453,0.248121641,24.81216414
"Milwaukee-Waukesha-West Allis, WI ",2013,149083,1556250,0.095796305,9.579630522
"Minneapolis-St. Paul-Bloomington, MN-WI ",2013,276566,3430733,0.080614259,8.06142594
"Nashville-Davidson--Murfreesboro--Franklin, TN ",2013,234084,1738899,0.134616214,13.46162141
"New York-Newark-Jersey City, NY-NJ-PA ",2013,2477579,19763358,0.125362249,12.53622487
"Oklahoma City, OK ",2013,219478,1299006,0.168958419,16.8958419
"Philadelphia-Camden-Wilmington, PA-NJ-DE-MD ",2013,593427,5955628,0.099641381,9.964138123
"Phoenix-Mesa-Scottsdale, AZ ",2013,755958,4350326,0.173770425,17.37704255
"Pittsburgh, PA ",2013,176122,2334302,0.075449535,7.544953481
"Portland-Vancouver-Hillsboro, OR-WA ",2013,311902,2300391,0.135586516,13.55865155
"Providence-Warwick, RI-MA ",2013,142820,1581388,0.090313067,9.031306675
"Raleigh, NC ",2013,162594,1202253,0.135241085,13.52410849
"Richmond, VA ",2013,150904,1221118,0.123578557,12.35785567
"Riverside-San Bernardino-Ontario, CA ",2013,836689,4316549,0.193832851,19.38328512
"Sacramento--Roseville--Arden-Arcade, CA ",2013,308500,2195250,0.140530691,14.05306913
"St. Louis, MO-IL ",2013,287972,2764821,0.104155748,10.41557482
"Salt Lake City, UT ",2013,177522,1132569,0.156742768,15.6742768
"San Antonio-New Braunfels, TX ",2013,433947,2240982,0.193641448,19.36414483
"San Diego-Carlsbad, CA ",2013,506129,3112190,0.162627924,16.26279244
"San Francisco-Oakland-Hayward, CA ",2013,493387,4483866,0.110036072,11.00360716
"San Jose-Sunnyvale-Santa Clara, CA ",2013,211292,1911013,0.110565444,11.05654436
"Seattle-Tacoma-Bellevue, WA ",2013,441871,3563860,0.123986632,12.39866325
"Tampa-St. Petersburg-Clearwater, FL ",2013,484199,2838363,0.170590936,17.05909357
"Virginia Beach-Norfolk-Newport News, VA-NC ",2013,201642,1619144,0.124536175,12.45361747
"Washington-Arlington-Alexandria, DC-VA-MD-WV ",2013,668753,5879484,0.113743485,11.3743485
"Atlanta-Sandy Springs-Roswell, GA ",2014,855498,5567018,0.153672577,15.36725766
"Augusta-Richmond County, GA-SC ",2014,73550,564384,0.130319074,13.03190735
"Austin-Round Rock, TX ",2014,298326,1926610,0.154845039,15.48450387
"Baltimore-Columbia-Towson, MD ",2014,172927,2741585,0.063075557,6.307555666
"Birmingham-Hoover, AL ",2014,125877,1129239,0.111470645,11.14706453
"Boston-Cambridge-Newton, MA-NH ",2014,177282,4683318,0.037853932,3.785393176
"Charlotte-Concord-Gastonia, NC-SC ",2014,305553,2363044,0.129304829,12.93048289
"Chicago-Naperville-Elgin, IL-IN-WI ",2014,1028070,9466149,0.108604883,10.86048825
"Cincinnati, OH-KY-IN ",2014,171668,2124455,0.080805665,8.080566545
"Cleveland-Elyria, OH ",2014,154249,2038736,0.075659134,7.565913389
"Columbus, OH ",2014,166348,1968261,0.084515214,8.451521419
"Dallas-Fort Worth-Arlington, TX ",2014,1252905,6899869,0.181583882,18.15838822
"Denver-Aurora-Lakewood, CO ",2014,277990,2732835,0.101722204,10.17222042
"Detroit-Warren-Dearborn, MI ",2014,381339,4268495,0.089338045,8.933804538
"Fresno, CA ",2014,134687,954248,0.14114465,14.114465
"Houston-The Woodlands-Sugar Land, TX ",2014,1259941,6439913,0.195645655,19.56456555
"Indianapolis-Carmel-Anderson, IN ",2014,223169,1945637,0.11470228,11.470228
"Jacksonville, FL ",2014,175982,1392192,0.126406415,12.64064152
"Kansas City, MO-KS ",2014,215907,2045500,0.105552188,10.55521877
"Las Vegas-Henderson-Paradise, NV ",2014,327820,2046770,0.160164552,16.0164552
"Los Angeles-Long Beach-Anaheim, CA ",2014,1937002,13176100,0.147008751,14.70087507
"Louisville/Jefferson County, KY-IN ",2014,101027,1246971,0.081017923,8.101792263
"Memphis, TN-MS-AR ",2014,177363,1326997,0.133657423,13.36574235
"Miami-Fort Lauderdale-West Palm Beach, FL ",2014,1143271,5879047,0.194465361,19.44653615
"Milwaukee-Waukesha-West Allis, WI ",2014,121414,1559127,0.077873066,7.787306615
"Minneapolis-St. Paul-Bloomington, MN-WI ",2014,199485,3465486,0.057563355,5.756335475
"Nashville-Davidson--Murfreesboro--Franklin, TN ",2014,212056,1774885,0.11947591,11.94759097
"New York-Newark-Jersey City, NY-NJ-PA ",2014,2081309,19909829,0.104536759,10.45367592
"Oklahoma City, OK ",2014,184092,1313583,0.140144932,14.01449318
"Philadelphia-Camden-Wilmington, PA-NJ-DE-MD ",2014,504984,5972800,0.084547281,8.454728101
"Phoenix-Mesa-Scottsdale, AZ ",2014,589231,4432549,0.132932766,13.29327662
"Pittsburgh, PA ",2014,146387,2328736,0.06286114,6.286114012
"Portland-Vancouver-Hillsboro, OR-WA ",2014,215146,2331549,0.092275993,9.227599334
"Providence-Warwick, RI-MA ",2014,96979,1587470,0.061090288,6.109028832
"Raleigh, NC ",2014,145208,1231705,0.117891865,11.78918653
"Richmond, VA ",2014,127229,1232657,0.10321525,10.32152497
"Riverside-San Bernardino-Ontario, CA ",2014,640154,4371661,0.146432672,14.64326717
"Sacramento--Roseville--Arden-Arcade, CA ",2014,209526,2219721,0.094392944,9.439294398
"St. Louis, MO-IL ",2014,248900,2771716,0.089799965,8.979996508
"Salt Lake City, UT ",2014,155592,1144703,0.135923467,13.59234666
"San Antonio-New Braunfels, TX ",2014,360619,2289155,0.157533675,15.75336751
"San Diego-Carlsbad, CA ",2014,388569,3164291,0.122798124,12.27981244
"San Francisco-Oakland-Hayward, CA ",2014,356250,4563324,0.078068092,7.806809247
"San Jose-Sunnyvale-Santa Clara, CA ",2014,138059,1943922,0.071020854,7.102085372
"Seattle-Tacoma-Bellevue, WA ",2014,302272,3625158,0.083381745,8.338174502
"Tampa-St. Petersburg-Clearwater, FL ",2014,423536,2883891,0.146862693,14.68626935
"Virginia Beach-Norfolk-Newport News, VA-NC ",2014,180416,1625281,0.111006035,11.10060353
"Washington-Arlington-Alexandria, DC-VA-MD-WV ",2014,572894,5961557,0.09609805,9.609804955
"Atlanta-Sandy Springs-Roswell, GA ",2015,759403,5664453,0.134064666,13.40646661
"Augusta-Richmond County, GA-SC ",2015,66349,571031,0.11619159,11.61915903
"Austin-Round Rock, TX ",2015,256428,1983885,0.129255476,12.9255476
"Baltimore-Columbia-Towson, MD ",2015,146539,2747783,0.053329903,5.332990269
"Birmingham-Hoover, AL ",2015,109319,1131295,0.096631736,9.66317362
"Boston-Cambridge-Newton, MA-NH ",2015,141958,4725559,0.030040467,3.004046717
"Charlotte-Concord-Gastonia, NC-SC ",2015,252020,2408528,0.104636525,10.46365249
"Chicago-Naperville-Elgin, IL-IN-WI ",2015,773161,9463175,0.081702071,8.170207145
"Cincinnati, OH-KY-IN ",2015,123499,2133287,0.057891414,5.789141358
"Cleveland-Elyria, OH ",2015,123809,2035266,0.060831852,6.083185195
"Columbus, OH ",2015,141673,1994538,0.071030484,7.103048425
"Dallas-Fort Worth-Arlington, TX ",2015,1150488,7050764,0.163172104,16.31721045
"Denver-Aurora-Lakewood, CO ",2015,224960,2790206,0.080624871,8.062487143
"Detroit-Warren-Dearborn, MI ",2015,268902,4273209,0.062927416,6.292741591
"Fresno, CA ",2015,93044,963755,0.096543209,9.65432086
"Houston-The Woodlands-Sugar Land, TX ",2015,1142813,6602731,0.173081866,17.30818657
"Indianapolis-Carmel-Anderson, IN ",2015,182847,1960549,0.093263163,9.326316251
"Jacksonville, FL ",2015,153310,1422372,0.107784743,10.77847427
"Kansas City, MO-KS ",2015,183313,2063725,0.088826273,8.882627288
"Las Vegas-Henderson-Paradise, NV ",2015,277837,2091396,0.132847629,13.2847629
"Los Angeles-Long Beach-Anaheim, CA ",2015,1424010,13255969,0.107424059,10.74240593
"Louisville/Jefferson County, KY-IN ",2015,74228,1262918,0.058774996,5.877499568
"Memphis, TN-MS-AR ",2015,158624,1326050,0.119621432,11.96214321
"Miami-Fort Lauderdale-West Palm Beach, FL ",2015,946358,5962668,0.158713851,15.87138509
"Milwaukee-Waukesha-West Allis, WI ",2015,93581,1562371,0.059896785,5.989678508
"Minneapolis-St. Paul-Bloomington, MN-WI ",2015,159196,3496109,0.045535194,4.553519355
"Nashville-Davidson--Murfreesboro--Franklin, TN ",2015,176480,1813547,0.097312063,9.731206305
"New York-Newark-Jersey City, NY-NJ-PA ",2015,1695411,20003795,0.084754468,8.475446784
"Oklahoma City, OK ",2015,170443,1336781,0.12750256,12.75025603
"Philadelphia-Camden-Wilmington, PA-NJ-DE-MD ",2015,377767,5991446,0.063051056,6.305105646
"Phoenix-Mesa-Scottsdale, AZ ",2015,491191,4518609,0.108704028,10.87040282
"Pittsburgh, PA ",2015,104430,2326306,0.044890913,4.489091289
"Portland-Vancouver-Hillsboro, OR-WA ",2015,152585,2375012,0.064245991,6.424599118
"Providence-Warwick, RI-MA ",2015,76651,1591664,0.048157777,4.815777702
"Raleigh, NC ",2015,114574,1263388,0.090687896,9.068789635
"Richmond, VA ",2015,106607,1246535,0.085522669,8.552266884
"Riverside-San Bernardino-Ontario, CA ",2015,416554,4410843,0.094438637,9.443863679
"Sacramento--Roseville--Arden-Arcade, CA ",2015,133256,2255680,0.059075755,5.907575543
"St. Louis, MO-IL ",2015,194259,2778029,0.069926916,6.992691581
"Salt Lake City, UT ",2015,126747,1161960,0.109080347,10.9080347
"San Antonio-New Braunfels, TX ",2015,338905,2344270,0.144567392,14.4567392
"San Diego-Carlsbad, CA ",2015,282291,3208161,0.087991532,8.79915316
"San Francisco-Oakland-Hayward, CA ",2015,224584,4630245,0.048503697,4.850369689
"San Jose-Sunnyvale-Santa Clara, CA ",2015,99983,1967346,0.050821259,5.082125869
"Seattle-Tacoma-Bellevue, WA ",2015,220064,3691314,0.059616711,5.961671101
"Tampa-St. Petersburg-Clearwater, FL ",2015,347012,2944079,0.117867761,11.7867761
"Virginia Beach-Norfolk-Newport News, VA-NC ",2015,144625,1624116,0.089048442,8.904844235
"Washington-Arlington-Alexandria, DC-VA-MD-WV ",2015,485481,6022494,0.080611288,8.061128828
"Atlanta-Sandy Springs-Roswell, GA ",2016,723401,5743289,0.125955877,12.59558765
"Austin-Round Rock, TX ",2016,248691,2038632,0.121989157,12.19891574
"Baltimore-Columbia-Towson, MD ",2016,138698,2750728,0.050422288,5.042228821
"Birmingham-Hoover, AL ",2016,92463,1133373,0.081582145,8.158214462
"Boston-Cambridge-Newton, MA-NH ",2016,130903,4746234,0.027580393,2.758039321
"Charlotte-Concord-Gastonia, NC-SC ",2016,233822,2456326,0.095191762,9.519176201
"Chicago-Naperville-Elgin, IL-IN-WI ",2016,680567,9422936,0.072224517,7.222451686
"Cincinnati, OH-KY-IN ",2016,99009,2135359,0.046366442,4.636644236
"Cleveland-Elyria, OH ",2016,101388,2029534,0.049956295,4.995629539
"Columbus, OH ",2016,126958,2014965,0.063007546,6.300754604
"Dallas-Fort Worth-Arlington, TX ",2016,1117260,7182112,0.155561484,15.55614839
"Denver-Aurora-Lakewood, CO ",2016,213108,2829306,0.075321651,7.532165132
"Detroit-Warren-Dearborn, MI ",2016,216229,4269069,0.050650153,5.065015346
"Fresno, CA ",2016,82702,969448,0.08530834,8.530834042
"Houston-The Woodlands-Sugar Land, TX ",2016,1158625,6718827,0.172444535,17.24445353
"Indianapolis-Carmel-Anderson, IN ",2016,150057,1974652,0.075991618,7.599161776
"Jacksonville, FL ",2016,145415,1447202,0.100480099,10.04800988
"Kansas City, MO-KS ",2016,174356,2079279,0.083854067,8.385406672
"Las Vegas-Henderson-Paradise, NV ",2016,258931,2132361,0.121429251,12.14292514
"Los Angeles-Long Beach-Anaheim, CA ",2016,1190430,13228578,0.089989264,8.998926415
"Memphis, TN-MS-AR ",2016,133995,1328928,0.10082939,10.08293903
"Miami-Fort Lauderdale-West Palm Beach, FL ",2016,883359,6015003,0.146859278,14.68592784
"Milwaukee-Waukesha-West Allis, WI ",2016,81794,1559195,0.052459122,5.245912153
"Minneapolis-St. Paul-Bloomington, MN-WI ",2016,135915,3522232,0.038587748,3.858774777
"Nashville-Davidson--Murfreesboro--Franklin, TN ",2016,161705,1849312,0.087440627,8.744062657
"New York-Newark-Jersey City, NY-NJ-PA ",2016,1492228,19975958,0.074701198,7.470119831
"Oklahoma City, OK ",2016,162487,1351215,0.120252513,12.02525135
"Philadelphia-Camden-Wilmington, PA-NJ-DE-MD ",2016,341367,5991464,0.056975557,5.697555723
"Phoenix-Mesa-Scottsdale, AZ ",2016,463167,4603861,0.100604036,10.06040365
"Pittsburgh, PA ",2016,86542,2315404,0.037376631,3.73766306
"Portland-Vancouver-Hillsboro, OR-WA ",2016,128446,2409749,0.053302647,5.330264687
"Raleigh, NC ",2016,107318,1290992,0.083128323,8.312832303
"Richmond, VA ",2016,89582,1257638,0.071230354,7.123035404
"Riverside-San Bernardino-Ontario, CA ",2016,390390,4455722,0.08761543,8.761543023
"Sacramento--Roseville--Arden-Arcade, CA ",2016,106871,2277143,0.046932055,4.693205477
"St. Louis, MO-IL ",2016,175607,2771829,0.063354197,6.335419681
"Salt Lake City, UT ",2016,119319,1178160,0.101275718,10.12757181
"San Antonio-New Braunfels, TX ",2016,335504,2390556,0.140345593,14.03455932
"San Diego-Carlsbad, CA ",2016,241711,3220462,0.075054759,7.505475922
"San Francisco-Oakland-Hayward, CA ",2016,192713,4652127,0.041424707,4.142470745
"San Jose-Sunnyvale-Santa Clara, CA ",2016,83281,1969402,0.042287456,4.228745579
"Seattle-Tacoma-Bellevue, WA ",2016,199365,3755425,0.053087201,5.308720052
"Tampa-St. Petersburg-Clearwater, FL ",2016,352271,3004491,0.117248146,11.72481462
"Virginia Beach-Norfolk-Newport News, VA-NC ",2016,137418,1632431,0.084179975,8.417997453
"Washington-Arlington-Alexandria, DC-VA-MD-WV ",2016,467568,6059226,0.077166292,7.716629154
"Atlanta-Sandy Springs-Roswell, GA ",2017,758233,5836503,0.129912209,12.99122094
"Austin-Round Rock, TX ",2017,245991,2099268,0.117179417,11.71794168
"Baltimore-Columbia-Towson, MD ",2017,135979,2763287,0.049209148,4.920914838
"Birmingham-Hoover, AL ",2017,97341,1135202,0.085747735,8.574773476
"Boston-Cambridge-Newton, MA-NH ",2017,144080,4787907,0.030092481,3.009248091
"Charlotte-Concord-Gastonia, NC-SC ",2017,254657,2507990,0.101538284,10.15382836
"Chicago-Naperville-Elgin, IL-IN-WI ",2017,717302,9444080,0.075952554,7.59525544
"Cincinnati, OH-KY-IN ",2017,106813,2154978,0.049565703,4.956570322
"Cleveland-Elyria, OH ",2017,102839,2033307,0.050577212,5.057721239
"Columbus, OH ",2017,134971,2050819,0.065813219,6.581321901
"Dallas-Fort Worth-Arlington, TX ",2017,1209929,7348537,0.164648963,16.46489635
"Denver-Aurora-Lakewood, CO ",2017,207414,2864339,0.072412518,7.241251821
"Detroit-Warren-Dearborn, MI ",2017,214340,4283001,0.05004435,5.004434974
"Fresno, CA ",2017,74842,978243,0.076506553,7.650655308
"Houston-The Woodlands-Sugar Land, TX ",2017,1243056,6834365,0.181883174,18.18831742
"Indianapolis-Carmel-Anderson, IN ",2017,160628,2000487,0.080294448,8.02944483
"Jacksonville, FL ",2017,161646,1477578,0.109399301,10.93993007
"Kansas City, MO-KS ",2017,190306,2101986,0.090536283,9.053628331
"Las Vegas-Henderson-Paradise, NV ",2017,256898,2179495,0.117870424,11.78704241
"Los Angeles-Long Beach-Anaheim, CA ",2017,1141590,13271857,0.086015845,8.601584541
"Louisville/Jefferson County, KY-IN ",2017,68188,1275416,0.053463341,5.346334059
"Memphis, TN-MS-AR ",2017,130372,1328971,0.098099959,9.809995854
"Miami-Fort Lauderdale-West Palm Beach, FL ",2017,949794,6109474,0.155462483,15.54624833
"Milwaukee-Waukesha-West Allis, WI ",2017,86401,1563406,0.055264595,5.526459538
"Minneapolis-St. Paul-Bloomington, MN-WI ",2017,150879,3572153,0.042237553,4.223755253
"Nashville-Davidson--Murfreesboro--Franklin, TN ",2017,179489,1886262,0.095155922,9.515592214
"New York-Newark-Jersey City, NY-NJ-PA ",2017,1404815,20139376,0.069754644,6.975464384
"Oklahoma City, OK ",2017,170080,1363480,0.124739637,12.47396368
"Philadelphia-Camden-Wilmington, PA-NJ-DE-MD ",2017,311291,6018597,0.051721522,5.172152247
"Phoenix-Mesa-Scottsdale, AZ ",2017,478738,4681091,0.102270603,10.22706032
"Pittsburgh, PA ",2017,81770,2306289,0.035455227,3.545522699
"Portland-Vancouver-Hillsboro, OR-WA ",2017,150715,2436166,0.061865653,6.186565283
"Raleigh, NC ",2017,132346,1324388,0.09992993,9.99299299
"Richmond, VA ",2017,109293,1276602,0.08561243,8.56124305
"Riverside-San Bernardino-Ontario, CA ",2017,351398,4504272,0.078014383,7.801438279
"Sacramento--Roseville--Arden-Arcade, CA ",2017,114572,2306570,0.049672024,4.967202383
"St. Louis, MO-IL ",2017,175735,2771358,0.063411151,6.341115078
"Salt Lake City, UT ",2017,116386,1195074,0.097388112,9.738811153
"San Antonio-New Braunfels, TX ",2017,353687,2436298,0.145173948,14.51739483
"San Diego-Carlsbad, CA ",2017,249592,3239196,0.077053689,7.705368863
"San Francisco-Oakland-Hayward, CA ",2017,209695,4699519,0.044620524,4.462052393
"San Jose-Sunnyvale-Santa Clara, CA ",2017,82876,1988927,0.041668699,4.166869875
"Seattle-Tacoma-Bellevue, WA ",2017,214901,3822739,0.056216498,5.621649817
"Tampa-St. Petersburg-Clearwater, FL ",2017,371594,3060220,0.121427218,12.14272177
"Virginia Beach-Norfolk-Newport News, VA-NC ",2017,144757,1632867,0.088652046,8.865204576
"Washington-Arlington-Alexandria, DC-VA-MD-WV ",2017,465560,6141977,0.075799698,7.579969772
"Atlanta-Sandy Springs-Roswell, GA ",2018,780907,5904596,0.132254095,13.22540949
"Austin-Round Rock, TX ",2018,271445,2150961,0.126197081,12.61970812
"Baltimore-Columbia-Towson, MD ",2018,132188,2753141,0.048013523,4.801352346
"Birmingham-Hoover, AL ",2018,111546,1137304,0.098079317,9.80793174
"Boston-Cambridge-Newton, MA-NH ",2018,139528,4828239,0.028898321,2.88983209
"Charlotte-Concord-Gastonia, NC-SC ",2018,265963,2551649,0.104231812,10.42318124
"Chicago-Naperville-Elgin, IL-IN-WI ",2018,713711,9406512,0.075874139,7.587413911
"Cincinnati, OH-KY-IN ",2018,110985,2162574,0.051320787,5.132078717
"Cleveland-Elyria, OH ",2018,111810,2032245,0.055017973,5.501797273
"Columbus, OH ",2018,147268,2080065,0.070799711,7.079971059
"Dallas-Fort Worth-Arlington, TX ",2018,1280661,7490827,0.1709639,17.09639002
"Denver-Aurora-Lakewood, CO ",2018,207277,2907940,0.071279669,7.127966877
"Detroit-Warren-Dearborn, MI ",2018,230233,4297161,0.053577932,5.357793203
"Fresno, CA ",2018,73395,982821,0.074677891,7.46778915
"Houston-The Woodlands-Sugar Land, TX ",2018,1290120,6939766,0.185902522,18.59025218
"Indianapolis-Carmel-Anderson, IN ",2018,169627,2021966,0.083892113,8.389211292
"Jacksonville, FL ",2018,175220,1507734,0.116214133,11.62141333
"Kansas City, MO-KS ",2018,194062,2118268,0.091613526,9.161352577
"Las Vegas-Henderson-Paradise, NV ",2018,257571,2207851,0.116661405,11.66614051
"Los Angeles-Long Beach-Anaheim, CA ",2018,1128574,13203405,0.085475981,8.547598139
"Louisville/Jefferson County, KY-IN ",2018,69957,1280108,0.054649295,5.464929522
"Memphis, TN-MS-AR ",2018,159241,1332548,0.119501136,11.95011362
"Miami-Fort Lauderdale-West Palm Beach, FL ",2018,934823,6150372,0.151994546,15.1994546
"Milwaukee-Waukesha-West Allis, WI ",2018,85116,1562591,0.054471068,5.447106761
"Minneapolis-St. Paul-Bloomington, MN-WI ",2018,153192,3601564,0.042534854,4.25348543
"Nashville-Davidson--Murfreesboro--Franklin, TN ",2018,185349,1913797,0.09684883,9.684882984
"New York-Newark-Jersey City, NY-NJ-PA ",2018,1321706,19801347,0.066748287,6.674828738
"Oklahoma City, OK ",2018,180462,1376236,0.131127219,13.11272195
"Philadelphia-Camden-Wilmington, PA-NJ-DE-MD ",2018,321837,6016894,0.053488893,5.348889311
"Phoenix-Mesa-Scottsdale, AZ ",2018,511985,4800763,0.106646589,10.66465893
"Pittsburgh, PA ",2018,80200,2299766,0.034873113,3.487311318
"Portland-Vancouver-Hillsboro, OR-WA ",2018,155509,2463811,0.06311726,6.311726021
"Raleigh, NC ",2018,122481,1353279,0.090506836,9.050683562
"Richmond, VA ",2018,110504,1281174,0.086252141,8.625214061
"Riverside-San Bernardino-Ontario, CA ",2018,382296,4557852,0.083876352,8.387635228
"Sacramento--Roseville--Arden-Arcade, CA ",2018,112897,2327208,0.048511779,4.851177892
"St. Louis, MO-IL ",2018,182626,2769813,0.065934415,6.593441507
"Salt Lake City, UT ",2018,136159,1215530,0.112016158,11.20161576
"San Antonio-New Braunfels, TX ",2018,383887,2482269,0.154651651,15.46516514
"San Diego-Carlsbad, CA ",2018,272028,3239327,0.083976703,8.397670257
"San Francisco-Oakland-Hayward, CA ",2018,183206,4702993,0.038955193,3.8955193
"San Jose-Sunnyvale-Santa Clara, CA ",2018,83597,1988755,0.042034841,4.203484089
"Seattle-Tacoma-Bellevue, WA ",2018,219057,3894828,0.056243048,5.624304847
"Tampa-St. Petersburg-Clearwater, FL ",2018,378647,3112216,0.121664756,12.16647559
"Virginia Beach-Norfolk-Newport News, VA-NC ",2018,141461,1632902,0.086631653,8.663165334
"Washington-Arlington-Alexandria, DC-VA-MD-WV ",2018,464179,6176339,0.075154392,7.515439162
"Atlanta-Sandy Springs-Alpharetta, GA ",2019,767599,5969625,0.128584124,12.85841238
"Austin-Round Rock-Georgetown, TX ",2019,301305,2209919,0.136342101,13.63421012
"Baltimore-Columbia-Towson, MD ",2019,131948,2749627,0.0479876,4.798759977
"Birmingham-Hoover, AL ",2019,95173,1079159,0.088191823,8.819182345
"Boston-Cambridge-Newton, MA-NH ",2019,152505,4827034,0.031593935,3.159393532
"Charlotte-Concord-Gastonia, NC-SC ",2019,282623,2616014,0.108035737,10.80357368
"Chicago-Naperville-Elgin, IL-IN-WI ",2019,765254,9364932,0.081714849,8.171484854
"Cincinnati, OH-KY-IN ",2019,125786,2193546,0.05734368,5.734368005
"Cleveland-Elyria, OH ",2019,114646,2023908,0.056645855,5.664585544
"Columbus, OH ",2019,148572,2095816,0.070889811,7.088981094
"Dallas-Fort Worth-Arlington, TX ",2019,1306556,7521096,0.17371883,17.37188303
"Denver-Aurora-Lakewood, CO ",2019,226860,2939329,0.07718088,7.71808804
"Detroit-Warren-Dearborn, MI ",2019,238885,4289873,0.055685798,5.568579769
"Fresno, CA ",2019,82530,987054,0.083612447,8.361244674
"Houston-The Woodlands-Sugar Land, TX ",2019,1378137,7010291,0.196587702,19.65877023
"Indianapolis-Carmel-Anderson, IN ",2019,170501,2049926,0.083174222,8.31742219
"Jacksonville, FL ",2019,170140,1525454,0.111534009,11.15340089
"Kansas City, MO-KS ",2019,202545,2129210,0.095126831,9.512683108
"Las Vegas-Henderson-Paradise, NV ",2019,272755,2242008,0.121656569,12.16565686
"Los Angeles-Long Beach-Anaheim, CA ",2019,1223677,13122045,0.093253529,9.32535287
"Louisville/Jefferson County, KY-IN ",2019,74359,1249610,0.059505766,5.95057658
"Memphis, TN-MS-AR ",2019,149125,1327417,0.112342241,11.23422406
"Miami-Fort Lauderdale-Pompano Beach, FL ",2019,943192,6120582,0.154101685,15.41016851
"Milwaukee-Waukesha, WI ",2019,89894,1562736,0.057523472,5.752347165
"Minneapolis-St. Paul-Bloomington, MN-WI ",2019,163339,3612086,0.04522013,4.522013042
"Nashville-Davidson--Murfreesboro--Franklin, TN ",2019,177783,1915245,0.0928252,9.282519991
"New York-Newark-Jersey City, NY-NJ-PA ",2019,1307543,19055829,0.068616432,6.861643227
"Oklahoma City, OK ",2019,169528,1386348,0.122283871,12.2283871
"Philadelphia-Camden-Wilmington, PA-NJ-DE-MD ",2019,334647,6018780,0.055600471,5.560047053
"Phoenix-Mesa-Chandler, AZ ",2019,552758,4888681,0.113068944,11.30689444
"Pittsburgh, PA ",2019,90803,2292222,0.039613528,3.961352783
"Portland-Vancouver-Hillsboro, OR-WA ",2019,165811,2475479,0.06698138,6.698138017
"Raleigh-Cary, NC ",2019,128423,1380286,0.093040863,9.304086255
"Richmond, VA ",2019,99526,1268086,0.078485213,7.848521315
"Riverside-San Bernardino-Ontario, CA ",2019,406871,4581295,0.088811351,8.881135138
"Sacramento-Roseville-Folsom, CA ",2019,124028,2343496,0.052924349,5.292434892
"St. Louis, MO-IL ",2019,180591,2764610,0.065322414,6.532241437
"Salt Lake City, UT ",2019,126784,1224245,0.10356097,10.35609702
"San Antonio-New Braunfels, TX ",2019,404559,2509828,0.16118993,16.11899301
"San Diego-Chula Vista-Carlsbad, CA ",2019,259380,3233043,0.080227823,8.022782252
"San Francisco-Oakland-Berkeley, CA ",2019,204348,4706535,0.043417928,4.341792848
"San Jose-Sunnyvale-Santa Clara, CA ",2019,94594,1979861,0.047778102,4.777810159
"Seattle-Tacoma-Bellevue, WA ",2019,231852,3932600,0.058956416,5.89564156
"Tampa-St. Petersburg-Clearwater, FL ",2019,394337,3162076,0.124708261,12.47082613
"Virginia Beach-Norfolk-Newport News, VA-NC ",2019,121377,1660843,0.073081562,7.308156159
"Washington-Arlington-Alexandria, DC-VA-MD-WV ",2019,466837,6202734,0.075263102,7.526310172
"Atlanta-Sandy Springs-Alpharetta, GA ",2021,717722,6093696,0.117781064,11.77810642
"Austin-Round Rock-Georgetown, TX ",2021,299199,2334872,0.128143641,12.81436413
"Baltimore-Columbia-Towson, MD ",2021,136020,2788815,0.048773404,4.877340376
"Birmingham-Hoover, AL ",2021,90560,1101993,0.08217838,8.217838044
"Boston-Cambridge-Newton, MA-NH ",2021,127204,4854224,0.026204806,2.620480637
"Charlotte-Concord-Gastonia, NC-SC ",2021,277838,2680916,0.103635474,10.36354738
"Chicago-Naperville-Elgin, IL-IN-WI ",2021,711312,9418774,0.075520657,7.552065693
"Cincinnati, OH-KY-IN ",2021,125558,2232050,0.056252324,5.62523241
"Cleveland-Elyria, OH ",2021,104492,2052174,0.05091771,5.091770971
"Columbus, OH ",2021,160972,2126131,0.075711233,7.571123322
"Dallas-Fort Worth-Arlington, TX ",2021,1294439,7711090,0.167867189,16.78671887
"Denver-Aurora-Lakewood, CO ",2021,245687,2948714,0.083320051,8.332005071
"Detroit-Warren-Dearborn, MI ",2021,208773,4338642,0.048119435,4.811943461
"Houston-The Woodlands-Sugar Land, TX ",2021,1380278,7148322,0.19309119,19.30911898
"Indianapolis-Carmel-Anderson, IN ",2021,150685,2101092,0.071717469,7.171746882
"Jacksonville, FL ",2021,162663,1603794,0.101423874,10.14238736
"Kansas City, MO-KS ",2021,200672,2174437,0.092286877,9.228687702
"Las Vegas-Henderson-Paradise, NV ",2021,287105,2266590,0.126668255,12.6668255
"Los Angeles-Long Beach-Anaheim, CA ",2021,1091232,12906567,0.084548587,8.454858678
"Louisville/Jefferson County, KY-IN ",2021,71148,1268192,0.056101915,5.610191517
"Memphis, TN-MS-AR ",2021,148162,1319983,0.112245385,11.2245385
"Miami-Fort Lauderdale-Pompano Beach, FL ",2021,804399,6046873,0.133027269,13.30272688
"Milwaukee-Waukesha, WI ",2021,86523,1553992,0.055677893,5.567789281
"Minneapolis-St. Paul-Bloomington, MN-WI ",2021,154386,3663991,0.042136021,4.213602053
"Nashville-Davidson--Murfreesboro--Franklin, TN ",2021,177497,1995280,0.088958442,8.895844192
"New York-Newark-Jersey City, NY-NJ-PA ",2021,1283183,19608877,0.065438883,6.54388826
"Oklahoma City, OK ",2021,169762,1417896,0.119728104,11.97281042
"Philadelphia-Camden-Wilmington, PA-NJ-DE-MD ",2021,315391,6149929,0.051283681,5.128368149
"Phoenix-Mesa-Chandler, AZ ",2021,520604,4891955,0.106420439,10.64204393
"Pittsburgh, PA ",2021,85405,2328390,0.036679852,3.667985174
"Portland-Vancouver-Hillsboro, OR-WA ",2021,137903,2495107,0.055269373,5.526937322
"Raleigh-Cary, NC ",2021,123750,1439463,0.085969559,8.596955948
"Richmond, VA ",2021,80459,1295917,0.062086538,6.208653795
"Riverside-San Bernardino-Ontario, CA ",2021,391628,4589467,0.085331913,8.533191327
"Sacramento-Roseville-Folsom, CA ",2021,105386,2388666,0.044119186,4.411918619
"St. Louis, MO-IL ",2021,171215,2772644,0.061751527,6.17515267
"Salt Lake City, UT ",2021,121529,1254668,0.09686148,9.686148049
"San Antonio-New Braunfels, TX ",2021,400516,2551652,0.15696341,15.69634104
"San Diego-Chula Vista-Carlsbad, CA ",2021,212266,3170679,0.066946544,6.694654363
"San Francisco-Oakland-Berkeley, CA ",2021,180669,4600143,0.039274649,3.927464864
"San Jose-Sunnyvale-Santa Clara, CA ",2021,72782,1942751,0.03746337,3.746337024
"Seattle-Tacoma-Bellevue, WA ",2021,221590,3959010,0.055971063,5.597106347
"Tampa-St. Petersburg-Clearwater, FL ",2021,361544,3185878,0.113483316,11.34833161
"Virginia Beach-Norfolk-Newport News, VA-NC ",2021,105484,1697892,0.062126449,6.212644856
"Washington-Arlington-Alexandria, DC-VA-MD-WV ",2021,450517,6275300,0.071792106,7.179210556
"Atlanta-Sandy Springs-Alpharetta, GA ",2022,683422,6178028,0.110621383,11.06213827
"Austin-Round Rock-Georgetown, TX ",2022,258332,2402199,0.1075398,10.75398
"Baltimore-Columbia-Towson, MD ",2022,127802,2794383,0.04573532,4.573531975
"Birmingham-Hoover, AL ",2022,89965,1101726,0.081658234,8.165823444
"Boston-Cambridge-Newton, MA-NH ",2022,117719,4858636,0.024228816,2.422881648
"Charlotte-Concord-Gastonia, NC-SC ",2022,235232,2734588,0.086021002,8.602100207
"Chicago-Naperville-Elgin, IL-IN-WI ",2022,684046,9355096,0.073120148,7.312014756
"Cincinnati, OH-KY-IN ",2022,105348,2243539,0.046956171,4.695617059
"Cleveland-Elyria, OH ",2022,114819,2037929,0.056341021,5.634102071
"Columbus, OH ",2022,139010,2134027,0.065139757,6.51397569
"Dallas-Fort Worth-Arlington, TX ",2022,1247247,7889550,0.158088484,15.80884841
"Denver-Aurora-Lakewood, CO ",2022,205507,2961013,0.069404288,6.940428833
"Detroit-Warren-Dearborn, MI ",2022,185631,4319003,0.042980058,4.298005813
"Houston-The Woodlands-Sugar Land, TX ",2022,1309915,7283795,0.17983963,17.98396303
"Indianapolis-Carmel-Anderson, IN ",2022,137861,2113062,0.065242288,6.524228821
"Jacksonville, FL ",2022,138840,1640161,0.084650226,8.465022641
"Kansas City, MO-KS ",2022,178896,2185376,0.081860513,8.186051279
"Las Vegas-Henderson-Paradise, NV ",2022,269993,2297781,0.117501624,11.75016244
"Los Angeles-Long Beach-Anaheim, CA ",2022,987926,12794747,0.077213406,7.721340641
"Memphis, TN-MS-AR ",2022,124631,1313241,0.094903373,9.490337265
"Miami-Fort Lauderdale-Pompano Beach, FL ",2022,789256,6088493,0.129630764,12.96307641
"Milwaukee-Waukesha, WI ",2022,78523,1550527,0.050642781,5.064278145
"Minneapolis-St. Paul-Bloomington, MN-WI ",2022,161579,3664197,0.044096701,4.409670113
"Nashville-Davidson--Murfreesboro--Franklin, TN ",2022,181998,2029951,0.089656351,8.965635131
"New York-Newark-Jersey City, NY-NJ-PA ",2022,1162078,19479953,0.059655072,5.965507206
"Oklahoma City, OK ",2022,158158,1436845,0.110073112,11.00731116
"Philadelphia-Camden-Wilmington, PA-NJ-DE-MD ",2022,314618,6168808,0.051001425,5.100142523
"Phoenix-Mesa-Chandler, AZ ",2022,525855,4959630,0.106027063,10.60270625
"Pittsburgh, PA ",2022,85189,2325986,0.036624898,3.6624898
"Portland-Vancouver-Hillsboro, OR-WA ",2022,136454,2492945,0.054736065,5.473606518
"Raleigh-Cary, NC ",2022,119540,1474307,0.081082163,8.108216267
"Riverside-San Bernardino-Ontario, CA ",2022,355958,4606925,0.077265855,7.726585521
"Sacramento-Roseville-Folsom, CA ",2022,98627,2397437,0.041138516,4.113851584
"St. Louis, MO-IL ",2022,152745,2766129,0.055219767,5.521976741
"Salt Lake City, UT ",2022,119864,1259298,0.095183189,9.518318936
"San Antonio-New Braunfels, TX ",2022,391039,2605302,0.15009354,15.009354
"San Diego-Chula Vista-Carlsbad, CA ",2022,203442,3161147,0.06435702,6.435701978
"San Francisco-Oakland-Berkeley, CA ",2022,175372,4550597,0.03853824,3.853824015
"Seattle-Tacoma-Bellevue, WA ",2022,211515,3980345,0.053139866,5.313986602
"Tampa-St. Petersburg-Clearwater, FL ",2022,348049,3255447,0.106912814,10.69128141
"Virginia Beach-Norfolk-Newport News, VA-NC ",2022,107528,1700944,0.063216661,6.321666087
"Washington-Arlington-Alexandria, DC-VA-MD-WV ",2022,451871,6289805,0.071841814,7.184181386
